{"cameraMode":{"drawMode":0,"name":"Shaded","section":"Shading Mode"},"sceneLighting":true,"audioPlay":false,"sceneViewState":{"showFog":true,"showMaterialUpdate":false,"showSkybox":true,"showFlares":true,"showImageEffects":true,"showParticleSystems":true},"in2DMode":false,"pivot":{"x":10.28791332244873,"y":0.941948413848877,"z":2.2252213954925539},"rotation":{"x":-0.3985370695590973,"y":-0.3305368721485138,"z":0.15662570297718049,"w":-0.8410601615905762},"size":9.812746047973633,"orthographic":false}